url,company_name,location,phone,services
https://dallaspartyride.com,Dallas Party Ride,Dallas,214-945-0983,Party Bus;Limo
https://houstonpartyride.com,Houston Party Ride,Houston,281-549-2511,Party Bus;Limo
https://phoenixpartybus.net,Phoenix Party Bus,Phoenix,480-347-0743,Party Bus;Limo
https://austinpartyride.com,Austin Party Ride,Austin,512-900-8324,Party Bus;Limo
https://chicagopartybusfun.com,Chicago Party Bus Fun,Chicago,872-278-1174,Party Bus;Limo
https://lasvegaspartyride.com,Las Vegas Party Ride,Las Vegas,702-342-8656,Party Bus;Limo
https://bus2ride.com,Bus2Ride,National,888-535-2566,Party Bus;Limo
https://findmypartybus.com,Find My Party Bus,National,844-725-4257,Party Bus;Limo
https://denverpartyride.com,Denver Party Ride,Denver,303-536-7879,Party Bus;Limo
https://sandiegopartyride.com,San Diego Party Ride,San Diego,619-354-1420,Party Bus;Limo
